{"1": [0, 0.22745098039215686, 0.49019607843137253, 1], "2": [0.3058823529411765, 0.796078431372549, 0.5529411764705883, 1], "3": [0.7803921568627451, 0.00392156862745098, 1, 1]}